{
	"id": "7a47cb6f-3b1c-4c86-b274-6e23e9b5d0ad",
	"name": "martin-delivery-local",
	"values": [
		{
			"key": "transporter_api_key",
			"value": "init",
			"type": "default",
			"enabled": true
		},
		{
			"key": "company_api_key",
			"value": "init",
			"type": "default",
			"enabled": true
		},
		{
			"key": "url",
			"value": "http://localhost:8000",
			"type": "default",
			"enabled": true
		},
		{
			"key": "companies_path",
			"value": "companies",
			"type": "default",
			"enabled": true
		},
		{
			"key": "transporters_path",
			"value": "transporters",
			"type": "default",
			"enabled": true
		}
	],
	"_postman_variable_scope": "environment",
	"_postman_exported_at": "2024-08-19T00:56:23.467Z",
	"_postman_exported_using": "Postman/11.8.1"
}