{
	"info": {
		"_postman_id": "a73b4820-ff58-4bd8-9d62-44f9bd5ab147",
		"name": "Martin Delivery",
		"description": "# Martin Delivery Application\n\nThis is a postman collection to martin delivery app.\n\nThis collection has 2 folders :\n\n- Transporter\n    \n    - Orders\n        \n    - Track Location\n        \n- Company\n    \n    - Orders\n        \n    - Transporter\n        \n    - Webhook Request Example\n        \n\nFor your ease of use, three tokens are designed for the company and three tokens for the courier.\n\nThis is the environmetn of collection:\n\n| Keys | Values |\n| --- | --- |\n| company_api_key | Current company api key |\n| transporter_api_key | Current transporter api key |\n| url | http://localhost:8000/api |\n| companies_path | companies |\n| transporters_path | transporters |",
		"schema": "https://schema.getpostman.com/json/collection/v2.1.0/collection.json",
		"_exporter_id": "10700969"
	},
	"item": [
		{
			"name": "Transporter",
			"item": [
				{
					"name": "Orders",
					"item": [
						{
							"name": "Get Acceptable orders list",
							"request": {
								"method": "GET",
								"header": [],
								"url": {
									"raw": "{{url}}/{{transporters_path}}/v1/orders/acceptable",
									"host": [
										"{{url}}"
									],
									"path": [
										"{{transporters_path}}",
										"v1",
										"orders",
										"acceptable"
									],
									"query": [
										{
											"key": "page",
											"value": "4",
											"disabled": true
										}
									]
								},
								"description": "### Get Acceptable Orders\n\nThis endpoint retrieves a list of acceptable orders for transporters.\n\n**Request Body**  \nThis request does not require a request body.\n\n**Response Body**\n\n- `message` (string): A message related to the response.\n    \n- `data` (array): An array of acceptable orders, each containing the following keys:\n    \n    - `id` (integer): The unique identifier of the order.\n        \n    - `tracking_code` (string): The tracking code of the order.\n        \n    - `provider_name` (string): The name of the provider associated with the order.\n        \n    - `provider_mobile` (string): The mobile number of the provider.\n        \n    - `origin_address` (string): The address of the origin location.\n        \n    - `origin_latitude` (string): The latitude of the origin location.\n        \n    - `origin_longitude` (string): The longitude of the origin location.\n        \n    - `recipient_name` (string): The name of the recipient associated with the order.\n        \n    - `recipient_mobile` (string): The mobile number of the recipient.\n        \n    - `destination_address` (string): The address of the destination location.\n        \n    - `destination_latitude` (string): The latitude of the destination location.\n        \n    - `destination_longitude` (string): The longitude of the destination location.\n        \n    - `company` (object): An object containing company details with the following keys:\n        \n        - `id` (integer): The unique identifier of the company.\n            \n        - `name` (string): The name of the company.\n            \n        - `email` (string): The email address of the company.\n            \n    - `status_id` (integer): The status identifier of the order.\n        \n    - `status_label` (string): The label of the order status.\n        \n    - `created_at` (string): The timestamp when the order was created.\n        \n    - `updated_at` (string): The timestamp when the order was last updated.\n        \n- `meta` (object): An object containing metadata with the following keys:\n    \n    - `simple_paginate` (boolean): Indicates if the response is using simple pagination.\n        \n    - `per_page` (integer): The number of items per page.\n        \n    - `count` (integer): The total count of acceptable orders.\n        \n    - `current_page` (integer): The current page number.\n        \n    - `next_page` (integer/null): The next page number, or null if there is no next page.\n        \n    - `prev_page` (integer/null): The previous page number, or null if there is no previous page."
							},
							"response": [
								{
									"name": "Get Acceptable orders list",
									"originalRequest": {
										"method": "GET",
										"header": [],
										"url": {
											"raw": "{{url}}/{{transporters_path}}/v1/orders/acceptable",
											"host": [
												"{{url}}"
											],
											"path": [
												"{{transporters_path}}",
												"v1",
												"orders",
												"acceptable"
											]
										}
									},
									"status": "OK",
									"code": 200,
									"_postman_previewlanguage": "json",
									"header": [
										{
											"key": "Host",
											"value": "localhost:8000"
										},
										{
											"key": "Connection",
											"value": "close"
										},
										{
											"key": "X-Powered-By",
											"value": "PHP/8.2.22"
										},
										{
											"key": "Cache-Control",
											"value": "no-cache, private"
										},
										{
											"key": "Date",
											"value": "Sun, 18 Aug 2024 17:14:55 GMT"
										},
										{
											"key": "Content-Type",
											"value": "application/json"
										},
										{
											"key": "X-RateLimit-Limit",
											"value": "60"
										},
										{
											"key": "X-RateLimit-Remaining",
											"value": "59"
										},
										{
											"key": "Access-Control-Allow-Origin",
											"value": "*"
										}
									],
									"cookie": [],
									"body": "{\n    \"message\": \"Success\",\n    \"data\": [\n        {\n            \"id\": 19,\n            \"tracking_code\": \"475436671\",\n            \"provider_name\": \"Origin Name\",\n            \"provider_mobile\": \"09361234567\",\n            \"origin_address\": \"Test origin address\",\n            \"origin_latitude\": \"21.04080000\",\n            \"origin_longitude\": \"-17.88494000\",\n            \"recipient_name\": \"Destination Name\",\n            \"recipient_mobile\": \"09361234568\",\n            \"destination_address\": \"Test destination address\",\n            \"destination_latitude\": \"26.71336000\",\n            \"destination_longitude\": \"-166.98455000\",\n            \"company\": {\n                \"id\": 1,\n                \"name\": \"First Company\",\n                \"email\": \"first@mrtdel.co\"\n            },\n            \"status_id\": 1,\n            \"status_label\": \"Created\",\n            \"created_at\": \"2024-08-18 17:02:41\",\n            \"updated_at\": \"2024-08-18 17:02:41\"\n        },\n        {\n            \"id\": 18,\n            \"tracking_code\": \"9855041708\",\n            \"provider_name\": \"Origin Name\",\n            \"provider_mobile\": \"09361234567\",\n            \"origin_address\": \"Test origin address\",\n            \"origin_latitude\": \"21.04080000\",\n            \"origin_longitude\": \"-17.88494000\",\n            \"recipient_name\": \"Destination Name\",\n            \"recipient_mobile\": \"09361234568\",\n            \"destination_address\": \"Test destination address\",\n            \"destination_latitude\": \"26.71336000\",\n            \"destination_longitude\": \"-166.98455000\",\n            \"company\": {\n                \"id\": 1,\n                \"name\": \"First Company\",\n                \"email\": \"first@mrtdel.co\"\n            },\n            \"status_id\": 1,\n            \"status_label\": \"Created\",\n            \"created_at\": \"2024-08-18 17:01:52\",\n            \"updated_at\": \"2024-08-18 17:01:52\"\n        },\n        {\n            \"id\": 17,\n            \"tracking_code\": \"6766842518\",\n            \"provider_name\": \"Origin Name\",\n            \"provider_mobile\": \"09361234567\",\n            \"origin_address\": \"Test origin address\",\n            \"origin_latitude\": \"21.04080000\",\n            \"origin_longitude\": \"-17.88494000\",\n            \"recipient_name\": \"Destination Name\",\n            \"recipient_mobile\": \"09361234568\",\n            \"destination_address\": \"Test destination address\",\n            \"destination_latitude\": \"26.71336000\",\n            \"destination_longitude\": \"-166.98455000\",\n            \"company\": {\n                \"id\": 1,\n                \"name\": \"First Company\",\n                \"email\": \"first@mrtdel.co\"\n            },\n            \"status_id\": 1,\n            \"status_label\": \"Created\",\n            \"created_at\": \"2024-08-18 17:01:39\",\n            \"updated_at\": \"2024-08-18 17:01:39\"\n        },\n        {\n            \"id\": 16,\n            \"tracking_code\": \"6127114939\",\n            \"provider_name\": \"Origin Name\",\n            \"provider_mobile\": \"09361234567\",\n            \"origin_address\": \"Test origin address\",\n            \"origin_latitude\": \"21.04080000\",\n            \"origin_longitude\": \"-17.88494000\",\n            \"recipient_name\": \"Destination Name\",\n            \"recipient_mobile\": \"09361234568\",\n            \"destination_address\": \"Test destination address\",\n            \"destination_latitude\": \"26.71336000\",\n            \"destination_longitude\": \"-166.98455000\",\n            \"company\": {\n                \"id\": 1,\n                \"name\": \"First Company\",\n                \"email\": \"first@mrtdel.co\"\n            },\n            \"status_id\": 1,\n            \"status_label\": \"Created\",\n            \"created_at\": \"2024-08-18 17:00:56\",\n            \"updated_at\": \"2024-08-18 17:00:56\"\n        },\n        {\n            \"id\": 15,\n            \"tracking_code\": \"3426278934\",\n            \"provider_name\": \"Origin Name\",\n            \"provider_mobile\": \"09361234567\",\n            \"origin_address\": \"Test origin address\",\n            \"origin_latitude\": \"21.04080000\",\n            \"origin_longitude\": \"-17.88494000\",\n            \"recipient_name\": \"Destination Name\",\n            \"recipient_mobile\": \"09361234568\",\n            \"destination_address\": \"Test destination address\",\n            \"destination_latitude\": \"26.71336000\",\n            \"destination_longitude\": \"-166.98455000\",\n            \"company\": {\n                \"id\": 1,\n                \"name\": \"First Company\",\n                \"email\": \"first@mrtdel.co\"\n            },\n            \"status_id\": 1,\n            \"status_label\": \"Created\",\n            \"created_at\": \"2024-08-18 16:58:44\",\n            \"updated_at\": \"2024-08-18 16:58:44\"\n        },\n        {\n            \"id\": 14,\n            \"tracking_code\": \"3288977015\",\n            \"provider_name\": \"Origin Name\",\n            \"provider_mobile\": \"09361234567\",\n            \"origin_address\": \"Test origin address\",\n            \"origin_latitude\": \"21.04080000\",\n            \"origin_longitude\": \"-17.88494000\",\n            \"recipient_name\": \"Destination Name\",\n            \"recipient_mobile\": \"09361234568\",\n            \"destination_address\": \"Test destination address\",\n            \"destination_latitude\": \"26.71336000\",\n            \"destination_longitude\": \"-166.98455000\",\n            \"company\": {\n                \"id\": 1,\n                \"name\": \"First Company\",\n                \"email\": \"first@mrtdel.co\"\n            },\n            \"status_id\": 1,\n            \"status_label\": \"Created\",\n            \"created_at\": \"2024-08-18 16:57:45\",\n            \"updated_at\": \"2024-08-18 16:57:45\"\n        },\n        {\n            \"id\": 11,\n            \"tracking_code\": \"5572201979\",\n            \"provider_name\": \"Origin Name\",\n            \"provider_mobile\": \"09361234567\",\n            \"origin_address\": \"Test origin address\",\n            \"origin_latitude\": \"21.04080000\",\n            \"origin_longitude\": \"-17.88494000\",\n            \"recipient_name\": \"Destination Name\",\n            \"recipient_mobile\": \"09361234568\",\n            \"destination_address\": \"Test destination address\",\n            \"destination_latitude\": \"26.71336000\",\n            \"destination_longitude\": \"-166.98455000\",\n            \"company\": {\n                \"id\": 1,\n                \"name\": \"First Company\",\n                \"email\": \"first@mrtdel.co\"\n            },\n            \"status_id\": 1,\n            \"status_label\": \"Created\",\n            \"created_at\": \"2024-08-16 22:53:19\",\n            \"updated_at\": \"2024-08-16 22:53:19\"\n        },\n        {\n            \"id\": 10,\n            \"tracking_code\": \"1102885688\",\n            \"provider_name\": \"Origin Name\",\n            \"provider_mobile\": \"09361234567\",\n            \"origin_address\": \"Test origin address\",\n            \"origin_latitude\": \"21.04080000\",\n            \"origin_longitude\": \"-17.88494000\",\n            \"recipient_name\": \"Destination Name\",\n            \"recipient_mobile\": \"09361234568\",\n            \"destination_address\": \"Test destination address\",\n            \"destination_latitude\": \"26.71336000\",\n            \"destination_longitude\": \"-166.98455000\",\n            \"company\": {\n                \"id\": 1,\n                \"name\": \"First Company\",\n                \"email\": \"first@mrtdel.co\"\n            },\n            \"status_id\": 1,\n            \"status_label\": \"Created\",\n            \"created_at\": \"2024-08-16 22:53:09\",\n            \"updated_at\": \"2024-08-16 22:53:09\"\n        },\n        {\n            \"id\": 9,\n            \"tracking_code\": \"5418361056\",\n            \"provider_name\": \"Origin Name\",\n            \"provider_mobile\": \"09361234567\",\n            \"origin_address\": \"Test origin address\",\n            \"origin_latitude\": \"21.04080000\",\n            \"origin_longitude\": \"-17.88494000\",\n            \"recipient_name\": \"Destination Name\",\n            \"recipient_mobile\": \"09361234568\",\n            \"destination_address\": \"Test destination address\",\n            \"destination_latitude\": \"26.71336000\",\n            \"destination_longitude\": \"-166.98455000\",\n            \"company\": {\n                \"id\": 1,\n                \"name\": \"First Company\",\n                \"email\": \"first@mrtdel.co\"\n            },\n            \"status_id\": 1,\n            \"status_label\": \"Created\",\n            \"created_at\": \"2024-08-16 22:52:58\",\n            \"updated_at\": \"2024-08-16 22:52:58\"\n        },\n        {\n            \"id\": 8,\n            \"tracking_code\": \"409455190\",\n            \"provider_name\": \"Origin Name\",\n            \"provider_mobile\": \"09361234567\",\n            \"origin_address\": \"Test origin address\",\n            \"origin_latitude\": \"21.04080000\",\n            \"origin_longitude\": \"-17.88494000\",\n            \"recipient_name\": \"Destination Name\",\n            \"recipient_mobile\": \"09361234568\",\n            \"destination_address\": \"Test destination address\",\n            \"destination_latitude\": \"26.71336000\",\n            \"destination_longitude\": \"-166.98455000\",\n            \"company\": {\n                \"id\": 1,\n                \"name\": \"First Company\",\n                \"email\": \"first@mrtdel.co\"\n            },\n            \"status_id\": 1,\n            \"status_label\": \"Created\",\n            \"created_at\": \"2024-08-16 22:51:31\",\n            \"updated_at\": \"2024-08-16 22:51:31\"\n        },\n        {\n            \"id\": 7,\n            \"tracking_code\": \"9738197270\",\n            \"provider_name\": \"Origin Name\",\n            \"provider_mobile\": \"09361234567\",\n            \"origin_address\": \"Test origin address\",\n            \"origin_latitude\": \"21.04080000\",\n            \"origin_longitude\": \"-17.88494000\",\n            \"recipient_name\": \"Destination Name\",\n            \"recipient_mobile\": \"09361234568\",\n            \"destination_address\": \"Test destination address\",\n            \"destination_latitude\": \"26.71336000\",\n            \"destination_longitude\": \"-166.98455000\",\n            \"company\": {\n                \"id\": 1,\n                \"name\": \"First Company\",\n                \"email\": \"first@mrtdel.co\"\n            },\n            \"status_id\": 1,\n            \"status_label\": \"Created\",\n            \"created_at\": \"2024-08-16 22:51:15\",\n            \"updated_at\": \"2024-08-16 22:51:15\"\n        },\n        {\n            \"id\": 6,\n            \"tracking_code\": \"3933386110\",\n            \"provider_name\": \"Origin Name\",\n            \"provider_mobile\": \"09361234567\",\n            \"origin_address\": \"Test origin address\",\n            \"origin_latitude\": \"21.04080000\",\n            \"origin_longitude\": \"-17.88494000\",\n            \"recipient_name\": \"Destination Name\",\n            \"recipient_mobile\": \"09361234568\",\n            \"destination_address\": \"Test destination address\",\n            \"destination_latitude\": \"26.71336000\",\n            \"destination_longitude\": \"-166.98455000\",\n            \"company\": {\n                \"id\": 1,\n                \"name\": \"First Company\",\n                \"email\": \"first@mrtdel.co\"\n            },\n            \"status_id\": 1,\n            \"status_label\": \"Created\",\n            \"created_at\": \"2024-08-16 22:51:03\",\n            \"updated_at\": \"2024-08-16 22:51:03\"\n        },\n        {\n            \"id\": 5,\n            \"tracking_code\": \"8091344253\",\n            \"provider_name\": \"Origin Name\",\n            \"provider_mobile\": \"09361234567\",\n            \"origin_address\": \"Test origin address\",\n            \"origin_latitude\": \"21.04080000\",\n            \"origin_longitude\": \"-17.88494000\",\n            \"recipient_name\": \"Destination Name\",\n            \"recipient_mobile\": \"09361234568\",\n            \"destination_address\": \"Test destination address\",\n            \"destination_latitude\": \"26.71336000\",\n            \"destination_longitude\": \"-166.98455000\",\n            \"company\": {\n                \"id\": 1,\n                \"name\": \"First Company\",\n                \"email\": \"first@mrtdel.co\"\n            },\n            \"status_id\": 1,\n            \"status_label\": \"Created\",\n            \"created_at\": \"2024-08-16 22:48:18\",\n            \"updated_at\": \"2024-08-16 22:48:18\"\n        }\n    ],\n    \"meta\": {\n        \"simple_paginate\": true,\n        \"per_page\": 15,\n        \"count\": 13,\n        \"current_page\": 1,\n        \"next_page\": null,\n        \"prev_page\": null\n    }\n}"
								},
								{
									"name": "Empty list",
									"originalRequest": {
										"method": "GET",
										"header": [],
										"url": {
											"raw": "{{url}}/{{transporters_path}}/v1/orders/acceptable?page=4",
											"host": [
												"{{url}}"
											],
											"path": [
												"{{transporters_path}}",
												"v1",
												"orders",
												"acceptable"
											],
											"query": [
												{
													"key": "page",
													"value": "4"
												}
											]
										}
									},
									"status": "OK",
									"code": 200,
									"_postman_previewlanguage": "json",
									"header": [
										{
											"key": "Host",
											"value": "localhost:8000"
										},
										{
											"key": "Connection",
											"value": "close"
										},
										{
											"key": "X-Powered-By",
											"value": "PHP/8.2.22"
										},
										{
											"key": "Cache-Control",
											"value": "no-cache, private"
										},
										{
											"key": "Date",
											"value": "Sun, 18 Aug 2024 17:15:27 GMT"
										},
										{
											"key": "Content-Type",
											"value": "application/json"
										},
										{
											"key": "X-RateLimit-Limit",
											"value": "60"
										},
										{
											"key": "X-RateLimit-Remaining",
											"value": "55"
										},
										{
											"key": "Access-Control-Allow-Origin",
											"value": "*"
										}
									],
									"cookie": [],
									"body": "{\n    \"message\": \"Success\",\n    \"data\": [],\n    \"meta\": {\n        \"simple_paginate\": true,\n        \"per_page\": 15,\n        \"count\": 0,\n        \"current_page\": 4,\n        \"next_page\": null,\n        \"prev_page\": 3\n    }\n}"
								}
							]
						},
						{
							"name": "Get an Order details",
							"request": {
								"method": "GET",
								"header": [],
								"url": {
									"raw": "{{url}}/{{transporters_path}}/v1/orders/:tracking_number",
									"host": [
										"{{url}}"
									],
									"path": [
										"{{transporters_path}}",
										"v1",
										"orders",
										":tracking_number"
									],
									"variable": [
										{
											"key": "tracking_number",
											"value": "475436671"
										}
									]
								},
								"description": "The endpoint makes an HTTP GET request to retrieve information about an order using the provided tracking number. Transporter can access to not accepted orders or an order which accepted by theirself. The response will be in the form of a JSON schema and will include the following fields:\n\n- message (string): A message related to the response.\n    \n- data (object): An object containing the details of the order.\n    \n    - id (number): The unique identifier of the order.\n        \n    - tracking_code (string): The tracking code associated with the order.\n        \n    - provider_name (string): The name of the provider associated with the order.\n        \n    - provider_mobile (string): The contact number of the provider.\n        \n    - origin_address (string): The address of the origin location.\n        \n    - origin_latitude (string): The latitude of the origin location.\n        \n    - origin_longitude (string): The longitude of the origin location.\n        \n    - recipient_name (string): The name of the recipient.\n        \n    - recipient_mobile (string): The contact number of the recipient.\n        \n    - destination_address (string): The address of the destination location.\n        \n    - destination_latitude (string): The latitude of the destination location.\n        \n    - destination_longitude (string): The longitude of the destination location.\n        \n    - company (object): An object containing details about the company associated with the order.\n        \n        - id (number): The unique identifier of the company.\n            \n        - name (string): The name of the company.\n            \n        - email (string): The email address of the company.\n            \n    - status_id (number): The unique identifier of the status of the order.\n        \n    - status_label (string): The label describing the status of the order.\n        \n    - created_at (string): The timestamp indicating the creation time of the order.\n        \n    - updated_at (string): The timestamp indicating the last update time of the order."
							},
							"response": [
								{
									"name": "Get Order details",
									"originalRequest": {
										"method": "GET",
										"header": [],
										"url": {
											"raw": "{{url}}/{{transporters_path}}/v1/orders/:tracking_number",
											"host": [
												"{{url}}"
											],
											"path": [
												"{{transporters_path}}",
												"v1",
												"orders",
												":tracking_number"
											],
											"variable": [
												{
													"key": "tracking_number",
													"value": "475436671"
												}
											]
										}
									},
									"status": "OK",
									"code": 200,
									"_postman_previewlanguage": "json",
									"header": [
										{
											"key": "Host",
											"value": "localhost:8000"
										},
										{
											"key": "Connection",
											"value": "close"
										},
										{
											"key": "X-Powered-By",
											"value": "PHP/8.2.22"
										},
										{
											"key": "Cache-Control",
											"value": "no-cache, private"
										},
										{
											"key": "Date",
											"value": "Sun, 18 Aug 2024 17:15:07 GMT"
										},
										{
											"key": "Content-Type",
											"value": "application/json"
										},
										{
											"key": "X-RateLimit-Limit",
											"value": "60"
										},
										{
											"key": "X-RateLimit-Remaining",
											"value": "58"
										},
										{
											"key": "Access-Control-Allow-Origin",
											"value": "*"
										}
									],
									"cookie": [],
									"body": "{\n    \"message\": \"Success\",\n    \"data\": {\n        \"id\": 19,\n        \"tracking_code\": \"475436671\",\n        \"provider_name\": \"Origin Name\",\n        \"provider_mobile\": \"09361234567\",\n        \"origin_address\": \"Test origin address\",\n        \"origin_latitude\": \"21.04080000\",\n        \"origin_longitude\": \"-17.88494000\",\n        \"recipient_name\": \"Destination Name\",\n        \"recipient_mobile\": \"09361234568\",\n        \"destination_address\": \"Test destination address\",\n        \"destination_latitude\": \"26.71336000\",\n        \"destination_longitude\": \"-166.98455000\",\n        \"company\": {\n            \"id\": 1,\n            \"name\": \"First Company\",\n            \"email\": \"first@mrtdel.co\"\n        },\n        \"status_id\": 1,\n        \"status_label\": \"Created\",\n        \"created_at\": \"2024-08-18 17:02:41\",\n        \"updated_at\": \"2024-08-18 17:02:41\"\n    }\n}"
								}
							]
						},
						{
							"name": "Accept an order",
							"request": {
								"method": "POST",
								"header": [
									{
										"key": "Accept",
										"value": "application/json",
										"type": "text"
									}
								],
								"url": {
									"raw": "{{url}}/{{transporters_path}}/v1/orders/:tracking_number/accept",
									"host": [
										"{{url}}"
									],
									"path": [
										"{{transporters_path}}",
										"v1",
										"orders",
										":tracking_number",
										"accept"
									],
									"variable": [
										{
											"key": "tracking_number",
											"value": "475436671"
										}
									]
								},
								"description": "### Accept Order\n\nThis endpoint is used to accept an order with the specified tracking number.\n\n**Request Body**  \nThis request does not require a request body.\n\n**Response**  \nThe response will be no content status (204)"
							},
							"response": [
								{
									"name": "Accept an order",
									"originalRequest": {
										"method": "POST",
										"header": [
											{
												"key": "Accept",
												"value": "application/json",
												"type": "text"
											}
										],
										"url": {
											"raw": "{{url}}/{{transporters_path}}/v1/orders/:tracking_number/accept",
											"host": [
												"{{url}}"
											],
											"path": [
												"{{transporters_path}}",
												"v1",
												"orders",
												":tracking_number",
												"accept"
											],
											"variable": [
												{
													"key": "tracking_number",
													"value": "475436671"
												}
											]
										}
									},
									"status": "No Content",
									"code": 204,
									"_postman_previewlanguage": "plain",
									"header": [
										{
											"key": "Host",
											"value": "localhost:8000"
										},
										{
											"key": "Connection",
											"value": "close"
										},
										{
											"key": "X-Powered-By",
											"value": "PHP/8.2.22"
										},
										{
											"key": "Cache-Control",
											"value": "no-cache, private"
										},
										{
											"key": "Date",
											"value": "Sun, 18 Aug 2024 17:28:22 GMT"
										},
										{
											"key": "X-RateLimit-Limit",
											"value": "60"
										},
										{
											"key": "X-RateLimit-Remaining",
											"value": "58"
										},
										{
											"key": "Access-Control-Allow-Origin",
											"value": "*"
										}
									],
									"cookie": [],
									"body": null
								},
								{
									"name": "404 if there is no order with tracking id or status changed before",
									"originalRequest": {
										"method": "POST",
										"header": [
											{
												"key": "Accept",
												"value": "application/json",
												"type": "text"
											}
										],
										"url": {
											"raw": "{{url}}/{{transporters_path}}/v1/orders/:tracking_number/accept",
											"host": [
												"{{url}}"
											],
											"path": [
												"{{transporters_path}}",
												"v1",
												"orders",
												":tracking_number",
												"accept"
											],
											"variable": [
												{
													"key": "tracking_number",
													"value": "475436671"
												}
											]
										}
									},
									"status": "Not Found",
									"code": 404,
									"_postman_previewlanguage": "json",
									"header": [
										{
											"key": "Host",
											"value": "localhost:8000"
										},
										{
											"key": "Connection",
											"value": "close"
										},
										{
											"key": "X-Powered-By",
											"value": "PHP/8.2.22"
										},
										{
											"key": "accept",
											"value": "application/json"
										},
										{
											"key": "Cache-Control",
											"value": "no-cache, private"
										},
										{
											"key": "Date",
											"value": "Sun, 18 Aug 2024 17:18:38 GMT"
										},
										{
											"key": "Content-Type",
											"value": "application/json"
										},
										{
											"key": "X-RateLimit-Limit",
											"value": "60"
										},
										{
											"key": "X-RateLimit-Remaining",
											"value": "59"
										},
										{
											"key": "Access-Control-Allow-Origin",
											"value": "*"
										}
									],
									"cookie": [],
									"body": "{\n    \"message\": \"Data not found\"\n}"
								}
							]
						},
						{
							"name": "Change status",
							"request": {
								"method": "PUT",
								"header": [
									{
										"key": "Accept",
										"value": "application/json",
										"type": "text"
									}
								],
								"body": {
									"mode": "raw",
									"raw": "{\n    \"status\" : 3\n}",
									"options": {
										"raw": {
											"language": "json"
										}
									}
								},
								"url": {
									"raw": "{{url}}/{{transporters_path}}/v1/orders/:tracking_number/change-status",
									"host": [
										"{{url}}"
									],
									"path": [
										"{{transporters_path}}",
										"v1",
										"orders",
										":tracking_number",
										"change-status"
									],
									"variable": [
										{
											"key": "tracking_number",
											"value": "475436671"
										}
									]
								},
								"description": "This endpoint allows you to update the status of an order identified by the tracking number. The HTTP PUT request should be made to {{url}}/{{transporters_path}}/v1/orders/:tracking_number/change-status with the status parameter in the request body.\n\n### Request Body\n\n- status (number, required): The new status to be assigned to the order. (status values : 3,4)\n    \n    - status 3 : Moved\n        \n    - status 4 : Complete\n        \n\n### Response\n\nThe response will be no content status (204)."
							},
							"response": [
								{
									"name": "Change status",
									"originalRequest": {
										"method": "PUT",
										"header": [],
										"body": {
											"mode": "raw",
											"raw": "{\n    \"status\" : 3\n}",
											"options": {
												"raw": {
													"language": "json"
												}
											}
										},
										"url": {
											"raw": "{{url}}/{{transporters_path}}/v1/orders/:tracking_number/change-status",
											"host": [
												"{{url}}"
											],
											"path": [
												"{{transporters_path}}",
												"v1",
												"orders",
												":tracking_number",
												"change-status"
											],
											"variable": [
												{
													"key": "tracking_number",
													"value": "475436671"
												}
											]
										}
									},
									"status": "No Content",
									"code": 204,
									"_postman_previewlanguage": "plain",
									"header": [
										{
											"key": "Host",
											"value": "localhost:8000"
										},
										{
											"key": "Connection",
											"value": "close"
										},
										{
											"key": "X-Powered-By",
											"value": "PHP/8.2.22"
										},
										{
											"key": "Cache-Control",
											"value": "no-cache, private"
										},
										{
											"key": "Date",
											"value": "Sun, 18 Aug 2024 17:29:56 GMT"
										},
										{
											"key": "X-RateLimit-Limit",
											"value": "60"
										},
										{
											"key": "X-RateLimit-Remaining",
											"value": "59"
										},
										{
											"key": "Access-Control-Allow-Origin",
											"value": "*"
										}
									],
									"cookie": [],
									"body": null
								},
								{
									"name": "422 error",
									"originalRequest": {
										"method": "PUT",
										"header": [
											{
												"key": "Accept",
												"value": "application/json",
												"type": "text"
											}
										],
										"body": {
											"mode": "raw",
											"raw": "",
											"options": {
												"raw": {
													"language": "json"
												}
											}
										},
										"url": {
											"raw": "{{url}}/{{transporters_path}}/v1/orders/:tracking_number/change-status",
											"host": [
												"{{url}}"
											],
											"path": [
												"{{transporters_path}}",
												"v1",
												"orders",
												":tracking_number",
												"change-status"
											],
											"variable": [
												{
													"key": "tracking_number",
													"value": "475436671"
												}
											]
										}
									},
									"status": "Unprocessable Content",
									"code": 422,
									"_postman_previewlanguage": "json",
									"header": [
										{
											"key": "Host",
											"value": "localhost:8000"
										},
										{
											"key": "Connection",
											"value": "close"
										},
										{
											"key": "X-Powered-By",
											"value": "PHP/8.2.22"
										},
										{
											"key": "Cache-Control",
											"value": "no-cache, private"
										},
										{
											"key": "Date",
											"value": "Sun, 18 Aug 2024 17:30:18 GMT"
										},
										{
											"key": "Content-Type",
											"value": "application/json"
										},
										{
											"key": "X-RateLimit-Limit",
											"value": "60"
										},
										{
											"key": "X-RateLimit-Remaining",
											"value": "57"
										},
										{
											"key": "Access-Control-Allow-Origin",
											"value": "*"
										}
									],
									"cookie": [],
									"body": "{\n    \"message\": \"The status field is required.\",\n    \"errors\": {\n        \"status\": [\n            \"The status field is required.\"\n        ]\n    }\n}"
								}
							]
						}
					],
					"description": "# Orders Resources\n\nYou can use this folder to do these actions:\n\n- **Get Acceptable orders list** : You can get active orders for a transporter.\n    \n- **Get an Order details :** Get order details by tracking number with this requuest.\n    \n- **Accept an Order :** You can accept one order with this request by tracking number of order.\n    \n- **Change status** : You can change accepted order status to another ( for example _moved_ ) with this request."
				},
				{
					"name": "Track Location",
					"item": [
						{
							"name": "Store location",
							"request": {
								"method": "POST",
								"header": [
									{
										"key": "Accept",
										"value": "application/json",
										"type": "text"
									}
								],
								"body": {
									"mode": "raw",
									"raw": "{\n    \"latitude\" :  \"26.71336\",\n    \"longitude\" : \"-166.98455\"\n}",
									"options": {
										"raw": {
											"language": "json"
										}
									}
								},
								"url": {
									"raw": "{{url}}/{{transporters_path}}/v1/track-location",
									"host": [
										"{{url}}"
									],
									"path": [
										"{{transporters_path}}",
										"v1",
										"track-location"
									]
								},
								"description": "### Track Location\n\nThis endpoint allows you to track the location of a transporter.\n\n#### Request Body\n\n- `latitude` (string) - The latitude coordinate of the transporter's current location.\n    \n- `longitude` (string) - The longitude coordinate of the transporter's current location.\n    \n\n#### Response Body\n\nThe response will be no content status (204)."
							},
							"response": [
								{
									"name": "Store location",
									"originalRequest": {
										"method": "POST",
										"header": [
											{
												"key": "Accept",
												"value": "application/json",
												"type": "text"
											}
										],
										"body": {
											"mode": "raw",
											"raw": "{\n    \"latitude\" :  \"26.71336\",\n    \"longitude\" : \"-166.98455\"\n}",
											"options": {
												"raw": {
													"language": "json"
												}
											}
										},
										"url": {
											"raw": "{{url}}/{{transporters_path}}/v1/track-location",
											"host": [
												"{{url}}"
											],
											"path": [
												"{{transporters_path}}",
												"v1",
												"track-location"
											]
										}
									},
									"status": "No Content",
									"code": 204,
									"_postman_previewlanguage": "plain",
									"header": [
										{
											"key": "Host",
											"value": "localhost:8000"
										},
										{
											"key": "Connection",
											"value": "close"
										},
										{
											"key": "X-Powered-By",
											"value": "PHP/8.2.22"
										},
										{
											"key": "Cache-Control",
											"value": "no-cache, private"
										},
										{
											"key": "Date",
											"value": "Sun, 18 Aug 2024 17:32:57 GMT"
										},
										{
											"key": "X-RateLimit-Limit",
											"value": "60"
										},
										{
											"key": "X-RateLimit-Remaining",
											"value": "58"
										},
										{
											"key": "Access-Control-Allow-Origin",
											"value": "*"
										}
									],
									"cookie": [],
									"body": null
								},
								{
									"name": "422 error",
									"originalRequest": {
										"method": "POST",
										"header": [
											{
												"key": "Accept",
												"value": "application/json",
												"type": "text"
											}
										],
										"body": {
											"mode": "raw",
											"raw": "",
											"options": {
												"raw": {
													"language": "json"
												}
											}
										},
										"url": {
											"raw": "{{url}}/{{transporters_path}}/v1/track-location",
											"host": [
												"{{url}}"
											],
											"path": [
												"{{transporters_path}}",
												"v1",
												"track-location"
											]
										}
									},
									"status": "Unprocessable Content",
									"code": 422,
									"_postman_previewlanguage": "json",
									"header": [
										{
											"key": "Host",
											"value": "localhost:8000"
										},
										{
											"key": "Connection",
											"value": "close"
										},
										{
											"key": "X-Powered-By",
											"value": "PHP/8.2.22"
										},
										{
											"key": "Cache-Control",
											"value": "no-cache, private"
										},
										{
											"key": "Date",
											"value": "Sun, 18 Aug 2024 17:33:07 GMT"
										},
										{
											"key": "Content-Type",
											"value": "application/json"
										},
										{
											"key": "X-RateLimit-Limit",
											"value": "60"
										},
										{
											"key": "X-RateLimit-Remaining",
											"value": "57"
										},
										{
											"key": "Access-Control-Allow-Origin",
											"value": "*"
										}
									],
									"cookie": [],
									"body": "{\n    \"message\": \"The latitude field is required. (and 1 more error)\",\n    \"errors\": {\n        \"latitude\": [\n            \"The latitude field is required.\"\n        ],\n        \"longitude\": [\n            \"The longitude field is required.\"\n        ]\n    }\n}"
								}
							]
						}
					],
					"description": "# Track Location\n\nYou can use this folder to do these actions:\n\n- **Store transporter location** : You can store transporter location with this api."
				}
			],
			"description": "## This is a folder for Transporter api resources\n\n##### These are api keys for transporters\n\n| **Name** | **Api Key** |\n| --- | --- |\n| First Transporter | qTNZa4hLWk4CKdRTBflEw4Pq7dqPLv5qVUjju9fc |\n| Second Transporter | x7Tgkmqv0NJr4Rp7nub3Rd257ueeYPmL8LNYzfbJ |\n| Third Transporter | ESQ282VfIMo4TA9euO6AmDmAEH8YXK8uwrUaO9Oz |\n\nPlease fill one of this api keys in \\`transporter_api_key\\` key inside environment.\n\n##### Inner Folders\n\n- Orders\n    \n- Track Location",
			"auth": {
				"type": "bearer",
				"bearer": [
					{
						"key": "token",
						"value": "{{transporter_api_key}}",
						"type": "string"
					}
				]
			},
			"event": [
				{
					"listen": "prerequest",
					"script": {
						"type": "text/javascript",
						"packages": {},
						"exec": [
							""
						]
					}
				},
				{
					"listen": "test",
					"script": {
						"type": "text/javascript",
						"packages": {},
						"exec": [
							""
						]
					}
				}
			]
		},
		{
			"name": "Company",
			"item": [
				{
					"name": "Orders",
					"item": [
						{
							"name": "Create an order",
							"request": {
								"method": "POST",
								"header": [
									{
										"key": "Accept",
										"value": "application/json",
										"type": "text"
									}
								],
								"body": {
									"mode": "raw",
									"raw": "{\n    \"provider_name\" :  \"Origin Name\",\n    \"provider_mobile\" : \"09361234567\",\n    \"origin_address\" :  \"Test origin address\",\n    \"origin_latitude\" : \"21.04080\",\n    \"origin_longitude\" : \"-17.88494\",\n    \"recipient_name\" : \"Destination Name\",\n    \"recipient_mobile\" :  \"09361234568\",\n    \"destination_address\" : \"Test destination address\",\n    \"destination_latitude\" :  \"26.71336\",\n    \"destination_longitude\" : \"-166.98455\"\n}",
									"options": {
										"raw": {
											"language": "json"
										}
									}
								},
								"url": {
									"raw": "{{url}}/{{companies_path}}/v1/orders",
									"host": [
										"{{url}}"
									],
									"path": [
										"{{companies_path}}",
										"v1",
										"orders"
									]
								}
							},
							"response": [
								{
									"name": "Successfull",
									"originalRequest": {
										"method": "POST",
										"header": [
											{
												"key": "Accept",
												"value": "application/json",
												"type": "text"
											}
										],
										"body": {
											"mode": "raw",
											"raw": "{\n    \"provider_name\" :  \"Origin Name\",\n    \"provider_mobile\" : \"09361234567\",\n    \"origin_address\" :  \"Test origin address\",\n    \"origin_latitude\" : \"21.04080\",\n    \"origin_longitude\" : \"-17.88494\",\n    \"recipient_name\" : \"Destination Name\",\n    \"recipient_mobile\" :  \"09361234568\",\n    \"destination_address\" : \"Test destination address\",\n    \"destination_latitude\" :  \"26.71336\",\n    \"destination_longitude\" : \"-166.98455\"\n}",
											"options": {
												"raw": {
													"language": "json"
												}
											}
										},
										"url": {
											"raw": "{{url}}/{{companies_path}}/v1/orders",
											"host": [
												"{{url}}"
											],
											"path": [
												"{{companies_path}}",
												"v1",
												"orders"
											]
										}
									},
									"status": "Created",
									"code": 201,
									"_postman_previewlanguage": "json",
									"header": [
										{
											"key": "Host",
											"value": "localhost:8000"
										},
										{
											"key": "Connection",
											"value": "close"
										},
										{
											"key": "X-Powered-By",
											"value": "PHP/8.2.22"
										},
										{
											"key": "Cache-Control",
											"value": "no-cache, private"
										},
										{
											"key": "Date",
											"value": "Sun, 18 Aug 2024 17:02:41 GMT"
										},
										{
											"key": "Content-Type",
											"value": "application/json"
										},
										{
											"key": "X-RateLimit-Limit",
											"value": "60"
										},
										{
											"key": "X-RateLimit-Remaining",
											"value": "59"
										},
										{
											"key": "Access-Control-Allow-Origin",
											"value": "*"
										}
									],
									"cookie": [],
									"body": "{\n    \"message\": \"Order create successfully\",\n    \"data\": {\n        \"id\": 19,\n        \"tracking_code\": \"475436671\",\n        \"provider_name\": \"Origin Name\",\n        \"provider_mobile\": \"09361234567\",\n        \"origin_address\": \"Test origin address\",\n        \"origin_latitude\": \"21.0408\",\n        \"origin_longitude\": \"-17.88494\",\n        \"recipient_name\": \"Destination Name\",\n        \"recipient_mobile\": \"09361234568\",\n        \"destination_address\": \"Test destination address\",\n        \"destination_latitude\": \"26.71336\",\n        \"destination_longitude\": \"-166.98455\",\n        \"status_id\": 1,\n        \"status_label\": \"Created\",\n        \"created_at\": \"2024-08-18 17:02:41\",\n        \"updated_at\": \"2024-08-18 17:02:41\"\n    }\n}"
								},
								{
									"name": "422 error",
									"originalRequest": {
										"method": "POST",
										"header": [
											{
												"key": "Accept",
												"value": "application/json",
												"type": "text"
											}
										],
										"body": {
											"mode": "raw",
											"raw": "{\n\n    \"origin_address\" :  \"Test origin address\",\n    \"origin_latitude\" : \"21.04080\",\n    \"origin_longitude\" : \"-17.88494\",\n    \"recipient_name\" : \"Destination Name\",\n    \"recipient_mobile\" :  \"09361234568\",\n    \"destination_address\" : \"Test destination address\",\n    \"destination_latitude\" :  \"26.71336\",\n    \"destination_longitude\" : \"-166.98455\"\n}",
											"options": {
												"raw": {
													"language": "json"
												}
											}
										},
										"url": {
											"raw": "{{url}}/{{companies_path}}/v1/orders",
											"host": [
												"{{url}}"
											],
											"path": [
												"{{companies_path}}",
												"v1",
												"orders"
											]
										}
									},
									"status": "Unprocessable Content",
									"code": 422,
									"_postman_previewlanguage": "json",
									"header": [
										{
											"key": "Host",
											"value": "localhost:8000"
										},
										{
											"key": "Connection",
											"value": "close"
										},
										{
											"key": "X-Powered-By",
											"value": "PHP/8.2.22"
										},
										{
											"key": "Cache-Control",
											"value": "no-cache, private"
										},
										{
											"key": "Date",
											"value": "Sun, 18 Aug 2024 17:03:08 GMT"
										},
										{
											"key": "Content-Type",
											"value": "application/json"
										},
										{
											"key": "X-RateLimit-Limit",
											"value": "60"
										},
										{
											"key": "X-RateLimit-Remaining",
											"value": "58"
										},
										{
											"key": "Access-Control-Allow-Origin",
											"value": "*"
										}
									],
									"cookie": [],
									"body": "{\n    \"message\": \"The provider name field is required. (and 1 more error)\",\n    \"errors\": {\n        \"provider_name\": [\n            \"The provider name field is required.\"\n        ],\n        \"provider_mobile\": [\n            \"The provider mobile field is required.\"\n        ]\n    }\n}"
								}
							]
						},
						{
							"name": "Get Order list paginate",
							"request": {
								"method": "GET",
								"header": [],
								"url": {
									"raw": "{{url}}/{{companies_path}}/v1/orders",
									"host": [
										"{{url}}"
									],
									"path": [
										"{{companies_path}}",
										"v1",
										"orders"
									],
									"query": [
										{
											"key": "page",
											"value": "4",
											"disabled": true
										},
										{
											"key": "per_page",
											"value": "15",
											"disabled": true
										},
										{
											"key": "status",
											"value": "1",
											"description": "in : 1,2,3,4,5",
											"disabled": true
										}
									]
								},
								"description": "The endpoint retrieves a list of orders for the specified company.\n\nThe response for this request can be documented as a JSON schema as follows:\n\n``` json\n{\n  \"type\": \"object\",\n  \"properties\": {\n    \"message\": {\n      \"type\": \"string\"\n    },\n    \"data\": {\n      \"type\": \"array\",\n      \"items\": {\n        \"type\": \"object\",\n        \"properties\": {\n          \"id\": {\n            \"type\": \"integer\"\n          },\n          \"tracking_code\": {\n            \"type\": \"string\"\n          },\n          \"provider_name\": {\n            \"type\": \"string\"\n          },\n          \"provider_mobile\": {\n            \"type\": \"string\"\n          },\n          \"origin_address\": {\n            \"type\": \"string\"\n          },\n          \"origin_latitude\": {\n            \"type\": \"string\"\n          },\n          \"origin_longitude\": {\n            \"type\": \"string\"\n          },\n          \"recipient_name\": {\n            \"type\": \"string\"\n          },\n          \"recipient_mobile\": {\n            \"type\": \"string\"\n          },\n          \"destination_address\": {\n            \"type\": \"string\"\n          },\n          \"destination_latitude\": {\n            \"type\": \"string\"\n          },\n          \"destination_longitude\": {\n            \"type\": \"string\"\n          },\n          \"status_id\": {\n            \"type\": \"integer\"\n          },\n          \"status_label\": {\n            \"type\": \"string\"\n          },\n          \"created_at\": {\n            \"type\": \"string\"\n          },\n          \"updated_at\": {\n            \"type\": \"string\"\n          }\n        }\n      }\n    },\n    \"meta\": {\n      \"type\": \"object\",\n      \"properties\": {\n        \"simple_paginate\": {\n          \"type\": \"boolean\"\n        },\n        \"per_page\": {\n          \"type\": \"integer\"\n        },\n        \"count\": {\n          \"type\": \"integer\"\n        },\n        \"current_page\": {\n          \"type\": \"integer\"\n        },\n        \"next_page\": {\n          \"type\": [\"integer\", \"null\"]\n        },\n        \"prev_page\": {\n          \"type\": [\"integer\", \"null\"]\n        }\n      }\n    }\n  }\n}\n\n ```"
							},
							"response": [
								{
									"name": "Get Order list paginate",
									"originalRequest": {
										"method": "GET",
										"header": [],
										"url": {
											"raw": "{{url}}/{{companies_path}}/v1/orders?page=1&per_page=15&status=4",
											"host": [
												"{{url}}"
											],
											"path": [
												"{{companies_path}}",
												"v1",
												"orders"
											],
											"query": [
												{
													"key": "page",
													"value": "1"
												},
												{
													"key": "per_page",
													"value": "15"
												},
												{
													"key": "status",
													"value": "4",
													"description": "in : 1,2,3,4,5"
												}
											]
										}
									},
									"status": "OK",
									"code": 200,
									"_postman_previewlanguage": "json",
									"header": [
										{
											"key": "Host",
											"value": "localhost:8000"
										},
										{
											"key": "Connection",
											"value": "close"
										},
										{
											"key": "X-Powered-By",
											"value": "PHP/8.2.22"
										},
										{
											"key": "Cache-Control",
											"value": "no-cache, private"
										},
										{
											"key": "Date",
											"value": "Sun, 18 Aug 2024 17:05:09 GMT"
										},
										{
											"key": "Content-Type",
											"value": "application/json"
										},
										{
											"key": "X-RateLimit-Limit",
											"value": "60"
										},
										{
											"key": "X-RateLimit-Remaining",
											"value": "58"
										},
										{
											"key": "Access-Control-Allow-Origin",
											"value": "*"
										}
									],
									"cookie": [],
									"body": "{\n    \"message\": \"Success\",\n    \"data\": [\n        {\n            \"id\": 13,\n            \"tracking_code\": \"5146753990\",\n            \"provider_name\": \"Origin Name\",\n            \"provider_mobile\": \"09361234567\",\n            \"origin_address\": \"Test origin address\",\n            \"origin_latitude\": \"21.04080000\",\n            \"origin_longitude\": \"-17.88494000\",\n            \"recipient_name\": \"Destination Name\",\n            \"recipient_mobile\": \"09361234568\",\n            \"destination_address\": \"Test destination address\",\n            \"destination_latitude\": \"26.71336000\",\n            \"destination_longitude\": \"-166.98455000\",\n            \"status_id\": 4,\n            \"status_label\": \"Completed\",\n            \"created_at\": \"2024-08-16 22:57:24\",\n            \"updated_at\": \"2024-08-17 09:55:27\"\n        }\n    ],\n    \"meta\": {\n        \"simple_paginate\": true,\n        \"per_page\": 15,\n        \"count\": 1,\n        \"current_page\": 1,\n        \"next_page\": null,\n        \"prev_page\": null\n    }\n}"
								},
								{
									"name": "Empty list",
									"originalRequest": {
										"method": "GET",
										"header": [],
										"url": {
											"raw": "{{url}}/{{companies_path}}/v1/orders?page=4&per_page=15&status=4",
											"host": [
												"{{url}}"
											],
											"path": [
												"{{companies_path}}",
												"v1",
												"orders"
											],
											"query": [
												{
													"key": "page",
													"value": "4"
												},
												{
													"key": "per_page",
													"value": "15"
												},
												{
													"key": "status",
													"value": "4",
													"description": "in : 1,2,3,4,5"
												}
											]
										}
									},
									"status": "OK",
									"code": 200,
									"_postman_previewlanguage": "json",
									"header": [
										{
											"key": "Host",
											"value": "localhost:8000"
										},
										{
											"key": "Connection",
											"value": "close"
										},
										{
											"key": "X-Powered-By",
											"value": "PHP/8.2.22"
										},
										{
											"key": "Cache-Control",
											"value": "no-cache, private"
										},
										{
											"key": "Date",
											"value": "Sun, 18 Aug 2024 17:05:22 GMT"
										},
										{
											"key": "Content-Type",
											"value": "application/json"
										},
										{
											"key": "X-RateLimit-Limit",
											"value": "60"
										},
										{
											"key": "X-RateLimit-Remaining",
											"value": "57"
										},
										{
											"key": "Access-Control-Allow-Origin",
											"value": "*"
										}
									],
									"cookie": [],
									"body": "{\n    \"message\": \"Success\",\n    \"data\": [],\n    \"meta\": {\n        \"simple_paginate\": true,\n        \"per_page\": 15,\n        \"count\": 0,\n        \"current_page\": 4,\n        \"next_page\": null,\n        \"prev_page\": 3\n    }\n}"
								}
							]
						},
						{
							"name": "Get an order details",
							"request": {
								"method": "GET",
								"header": [
									{
										"key": "Accept",
										"value": "application/json",
										"type": "text"
									}
								],
								"url": {
									"raw": "{{url}}/{{companies_path}}/v1/orders/:tracking_number",
									"host": [
										"{{url}}"
									],
									"path": [
										"{{companies_path}}",
										"v1",
										"orders",
										":tracking_number"
									],
									"variable": [
										{
											"key": "tracking_number",
											"value": "5146753990"
										}
									]
								},
								"description": "### Get Order Details\n\nThis endpoint retrieves the details of a specific order identified by the tracking number.\n\n#### Request\n\n- Method: GET\n    \n- URL: `{{url}}/{{companies_path}}/v1/orders/:tracking_number`\n    \n\n#### Response\n\nThe response will include the following fields:\n\n- `id` (number): The unique identifier of the order.\n    \n- `tracking_code` (string): The tracking code of the order.\n    \n- `provider_name` (string): The name of the provider.\n    \n- `provider_mobile` (string): The mobile number of the provider.\n    \n- `origin_address` (string): The address of the origin.\n    \n- `origin_latitude` (string): The latitude of the origin.\n    \n- `origin_longitude` (string): The longitude of the origin.\n    \n- `recipient_name` (string): The name of the recipient.\n    \n- `recipient_mobile` (string): The mobile number of the recipient.\n    \n- `destination_address` (string): The address of the destination.\n    \n- `destination_latitude` (string): The latitude of the destination.\n    \n- `destination_longitude` (string): The longitude of the destination.\n    \n- `transporter` (object): Details of the transporter including `id` (number), `name` (string), and `phone` (string).\n    \n- `status_id` (number): The status identifier of the order.\n    \n- `status_label` (string): The label of the status.\n    \n- `created_at` (string): The timestamp of creation.\n    \n- `updated_at` (string): The timestamp of the last update.\n    \n- `histories` (array): An array of historical data including `order_id`, `from_status_id`, `from_status_label`, `to_status_id`, `to_status_label`, `by_id`, `by_type_id`, `by_type_label`, `reason`, `created_at`, and `updated_at`."
							},
							"response": [
								{
									"name": "Found details",
									"originalRequest": {
										"method": "GET",
										"header": [],
										"url": {
											"raw": "{{url}}/{{companies_path}}/v1/orders/5146753990",
											"host": [
												"{{url}}"
											],
											"path": [
												"{{companies_path}}",
												"v1",
												"orders",
												"5146753990"
											]
										}
									},
									"status": "OK",
									"code": 200,
									"_postman_previewlanguage": "json",
									"header": [
										{
											"key": "Host",
											"value": "localhost:8000"
										},
										{
											"key": "Connection",
											"value": "close"
										},
										{
											"key": "X-Powered-By",
											"value": "PHP/8.2.22"
										},
										{
											"key": "Cache-Control",
											"value": "no-cache, private"
										},
										{
											"key": "Date",
											"value": "Sun, 18 Aug 2024 17:06:08 GMT"
										},
										{
											"key": "Content-Type",
											"value": "application/json"
										},
										{
											"key": "X-RateLimit-Limit",
											"value": "60"
										},
										{
											"key": "X-RateLimit-Remaining",
											"value": "59"
										},
										{
											"key": "Access-Control-Allow-Origin",
											"value": "*"
										}
									],
									"cookie": [],
									"body": "{\n    \"message\": \"Success\",\n    \"data\": {\n        \"id\": 13,\n        \"tracking_code\": \"5146753990\",\n        \"provider_name\": \"Origin Name\",\n        \"provider_mobile\": \"09361234567\",\n        \"origin_address\": \"Test origin address\",\n        \"origin_latitude\": \"21.04080000\",\n        \"origin_longitude\": \"-17.88494000\",\n        \"recipient_name\": \"Destination Name\",\n        \"recipient_mobile\": \"09361234568\",\n        \"destination_address\": \"Test destination address\",\n        \"destination_latitude\": \"26.71336000\",\n        \"destination_longitude\": \"-166.98455000\",\n        \"transporter\": {\n            \"id\": 1,\n            \"name\": \"First Company\",\n            \"phone\": \"09331234561\"\n        },\n        \"status_id\": 4,\n        \"status_label\": \"Completed\",\n        \"created_at\": \"2024-08-16 22:57:24\",\n        \"updated_at\": \"2024-08-17 09:55:27\",\n        \"histories\": [\n            {\n                \"order_id\": 13,\n                \"from_status_id\": 3,\n                \"from_status_label\": \"Moving\",\n                \"to_status_id\": 4,\n                \"to_status_label\": \"Completed\",\n                \"by_id\": 1,\n                \"by_type_id\": 2,\n                \"by_type_label\": \"Transporter\",\n                \"reason\": \"Changed by transporter\",\n                \"created_at\": \"2024-08-17 09:55:27\",\n                \"updated_at\": \"2024-08-17 09:55:27\"\n            },\n            {\n                \"order_id\": 13,\n                \"from_status_id\": 2,\n                \"from_status_label\": \"Accepted\",\n                \"to_status_id\": 3,\n                \"to_status_label\": \"Moving\",\n                \"by_id\": 1,\n                \"by_type_id\": 2,\n                \"by_type_label\": \"Transporter\",\n                \"reason\": \"Changed by transporter\",\n                \"created_at\": \"2024-08-17 09:53:24\",\n                \"updated_at\": \"2024-08-17 09:53:24\"\n            },\n            {\n                \"order_id\": 13,\n                \"from_status_id\": 1,\n                \"from_status_label\": \"Created\",\n                \"to_status_id\": 2,\n                \"to_status_label\": \"Accepted\",\n                \"by_id\": 1,\n                \"by_type_id\": 2,\n                \"by_type_label\": \"Transporter\",\n                \"reason\": \"Accept order by transporter\",\n                \"created_at\": \"2024-08-17 09:41:27\",\n                \"updated_at\": \"2024-08-17 09:41:27\"\n            },\n            {\n                \"order_id\": 13,\n                \"from_status_id\": null,\n                \"from_status_label\": null,\n                \"to_status_id\": 1,\n                \"to_status_label\": \"Created\",\n                \"by_id\": 1,\n                \"by_type_id\": 1,\n                \"by_type_label\": \"Company\",\n                \"reason\": \"Order created\",\n                \"created_at\": \"2024-08-16 22:57:24\",\n                \"updated_at\": \"2024-08-16 22:57:24\"\n            }\n        ]\n    }\n}"
								},
								{
									"name": "404 Not found",
									"originalRequest": {
										"method": "GET",
										"header": [
											{
												"key": "Accept",
												"value": "application/json",
												"type": "text"
											}
										],
										"url": {
											"raw": "{{url}}/{{companies_path}}/v1/orders/:tracking_number",
											"host": [
												"{{url}}"
											],
											"path": [
												"{{companies_path}}",
												"v1",
												"orders",
												":tracking_number"
											],
											"variable": [
												{
													"key": "tracking_number",
													"value": "5146753990"
												}
											]
										}
									},
									"status": "Not Found",
									"code": 404,
									"_postman_previewlanguage": "json",
									"header": [
										{
											"key": "Host",
											"value": "localhost:8000"
										},
										{
											"key": "Connection",
											"value": "close"
										},
										{
											"key": "X-Powered-By",
											"value": "PHP/8.2.22"
										},
										{
											"key": "accept",
											"value": "application/json"
										},
										{
											"key": "Cache-Control",
											"value": "no-cache, private"
										},
										{
											"key": "Date",
											"value": "Sun, 18 Aug 2024 17:07:14 GMT"
										},
										{
											"key": "Content-Type",
											"value": "application/json"
										},
										{
											"key": "X-RateLimit-Limit",
											"value": "60"
										},
										{
											"key": "X-RateLimit-Remaining",
											"value": "58"
										},
										{
											"key": "Access-Control-Allow-Origin",
											"value": "*"
										}
									],
									"cookie": [],
									"body": "{\n    \"message\": \"Data not found\"\n}"
								}
							]
						},
						{
							"name": "Cancel an order",
							"request": {
								"method": "PUT",
								"header": [
									{
										"key": "Accept",
										"value": "application/json",
										"type": "text"
									}
								],
								"url": {
									"raw": "{{url}}/{{companies_path}}/v1/orders/:tracking_number/cancel",
									"host": [
										"{{url}}"
									],
									"path": [
										"{{companies_path}}",
										"v1",
										"orders",
										":tracking_number",
										"cancel"
									],
									"variable": [
										{
											"key": "tracking_number",
											"value": "7071034794"
										}
									]
								},
								"description": "### Cancel Order\n\nThis endpoint is used to cancel an created order by providing the tracking number in the URL path. You can only cancel created orders not accepted.\n\n#### Request Body\n\n- `reason` (text, required): A brief explanation for canceling the order.\n    \n\n#### Response\n\nThe response will include the status of the cancellation request."
							},
							"response": [
								{
									"name": "400 Bad Request",
									"originalRequest": {
										"method": "PUT",
										"header": [
											{
												"key": "Accept",
												"value": "application/json",
												"type": "text"
											}
										],
										"url": {
											"raw": "{{url}}/{{companies_path}}/v1/orders/:tracking_number/cancel",
											"host": [
												"{{url}}"
											],
											"path": [
												"{{companies_path}}",
												"v1",
												"orders",
												":tracking_number",
												"cancel"
											],
											"variable": [
												{
													"key": "tracking_number",
													"value": "5146753990"
												}
											]
										}
									},
									"status": "Bad Request",
									"code": 400,
									"_postman_previewlanguage": "json",
									"header": [
										{
											"key": "Host",
											"value": "localhost:8000"
										},
										{
											"key": "Connection",
											"value": "close"
										},
										{
											"key": "X-Powered-By",
											"value": "PHP/8.2.22"
										},
										{
											"key": "accept",
											"value": "application/json"
										},
										{
											"key": "Cache-Control",
											"value": "no-cache, private"
										},
										{
											"key": "Date",
											"value": "Sun, 18 Aug 2024 17:09:24 GMT"
										},
										{
											"key": "Content-Type",
											"value": "application/json"
										},
										{
											"key": "X-RateLimit-Limit",
											"value": "60"
										},
										{
											"key": "X-RateLimit-Remaining",
											"value": "59"
										},
										{
											"key": "Access-Control-Allow-Origin",
											"value": "*"
										}
									],
									"cookie": [],
									"body": "{\n    \"message\": \"Status of order cannot be changed! Or tracking number is invalid!\"\n}"
								},
								{
									"name": "Successfully cancel",
									"originalRequest": {
										"method": "PUT",
										"header": [
											{
												"key": "Accept",
												"value": "application/json",
												"type": "text"
											}
										],
										"url": {
											"raw": "{{url}}/{{companies_path}}/v1/orders/:tracking_number/cancel",
											"host": [
												"{{url}}"
											],
											"path": [
												"{{companies_path}}",
												"v1",
												"orders",
												":tracking_number",
												"cancel"
											],
											"variable": [
												{
													"key": "tracking_number",
													"value": "7071034794"
												}
											]
										}
									},
									"status": "No Content",
									"code": 204,
									"_postman_previewlanguage": "plain",
									"header": [
										{
											"key": "Host",
											"value": "localhost:8000"
										},
										{
											"key": "Connection",
											"value": "close"
										},
										{
											"key": "X-Powered-By",
											"value": "PHP/8.2.22"
										},
										{
											"key": "Cache-Control",
											"value": "no-cache, private"
										},
										{
											"key": "Date",
											"value": "Sun, 18 Aug 2024 17:09:47 GMT"
										},
										{
											"key": "X-RateLimit-Limit",
											"value": "60"
										},
										{
											"key": "X-RateLimit-Remaining",
											"value": "57"
										},
										{
											"key": "Access-Control-Allow-Origin",
											"value": "*"
										}
									],
									"cookie": [],
									"body": null
								}
							]
						}
					],
					"description": "# Orders Resources\n\nYou can use this folder to do these actions:\n\n- **Create new order** : You can create new order for a company.\n    \n- **Get Order lists :** You can get order lists for a company with some query filters.\n    \n- **Get an Order details :** Get order details by tracking number with this requuest.\n    \n- **Cancel an Order :** You can cancel company order with this request by tracking number of order."
				},
				{
					"name": "Transporter",
					"item": [
						{
							"name": "Track Transporter location",
							"request": {
								"method": "GET",
								"header": [],
								"url": {
									"raw": "{{url}}/{{companies_path}}/v1/transporters/:transporter/track-location",
									"host": [
										"{{url}}"
									],
									"path": [
										"{{companies_path}}",
										"v1",
										"transporters",
										":transporter",
										"track-location"
									],
									"variable": [
										{
											"key": "transporter",
											"value": "1"
										}
									]
								},
								"description": "### Get Transporter Location\n\nThis endpoint retrieves the current location of a specific transporter.\n\n#### Request\n\n- Method: `GET`\n    \n- URL: `{{url}}/{{companies_path}}/v1/transporters/:transporter/track-location`\n    \n- Path Parameters:\n    \n    - `:transporter` (string, required): The unique identifier of the transporter.\n        \n\n#### Response\n\nThe response will contain the current latitude and longitude coordinates of the transporter.\n\nExample:\n\n``` json\n{\n    \"message\": \"\",\n    \"data\": {\n        \"latitude\": 0,\n        \"longitude\": 0\n    }\n}\n\n ```"
							},
							"response": [
								{
									"name": "Track Transporter location",
									"originalRequest": {
										"method": "GET",
										"header": [],
										"url": {
											"raw": "{{url}}/{{companies_path}}/v1/transporters/:transporter/track-location",
											"host": [
												"{{url}}"
											],
											"path": [
												"{{companies_path}}",
												"v1",
												"transporters",
												":transporter",
												"track-location"
											],
											"variable": [
												{
													"key": "transporter",
													"value": "1"
												}
											]
										}
									},
									"status": "OK",
									"code": 200,
									"_postman_previewlanguage": "json",
									"header": [
										{
											"key": "Host",
											"value": "localhost:8000"
										},
										{
											"key": "Connection",
											"value": "close"
										},
										{
											"key": "X-Powered-By",
											"value": "PHP/8.2.22"
										},
										{
											"key": "Cache-Control",
											"value": "no-cache, private"
										},
										{
											"key": "Date",
											"value": "Sun, 18 Aug 2024 17:35:07 GMT"
										},
										{
											"key": "Content-Type",
											"value": "application/json"
										},
										{
											"key": "X-RateLimit-Limit",
											"value": "60"
										},
										{
											"key": "X-RateLimit-Remaining",
											"value": "58"
										},
										{
											"key": "Access-Control-Allow-Origin",
											"value": "*"
										}
									],
									"cookie": [],
									"body": "{\n    \"message\": \"Success\",\n    \"data\": {\n        \"latitude\": 26.71336,\n        \"longitude\": -166.98455\n    }\n}"
								}
							]
						}
					],
					"description": "# Transporters Resources\n\nYou can use this folder to do these actions:\n\n- **Track a Transporter** : You can get transporter location with id."
				},
				{
					"name": "Webhook doc",
					"item": [
						{
							"name": "Send Order changed status notice to company",
							"request": {
								"auth": {
									"type": "bearer",
									"bearer": [
										{
											"key": "token",
											"value": "create a token for us",
											"type": "string"
										}
									]
								},
								"method": "POST",
								"header": [],
								"body": {
									"mode": "raw",
									"raw": "{\n    \"tracking_code\": \"stored tracking_code\",\n    \"status\": 2, // current status of order\n    \"status_label\": \"Accepted\",\n    \"changed_by\": 1, // transporter id\n    \"changed_by_type\": 1, //changed by who (1 => transporter, 2 => company, 3 => system)\n    \"changed_by_type_label\": \"transporter\",\n    \"reason\": \"Text for why status changed\"\n}",
									"options": {
										"raw": {
											"language": "json"
										}
									}
								},
								"url": {
									"raw": "yourdomain.com/yourown-path",
									"host": [
										"yourdomain",
										"com"
									],
									"path": [
										"yourown-path"
									]
								}
							},
							"response": []
						}
					],
					"description": "To be informed about the change of order status, you should implement this api with body and Authentication method.\n\nPlease return this response when you receive successfully: (With 200 status code)\n\n``` json\n<code >{</code>\n     \"message\" : \"Success\",\n     \"data\" : null\n}\n\n\n ```"
				}
			],
			"description": "## This is a folder for Company api resources\n\n##### These are api keys for companies\n\n| **Name** | **Api Key** |\n| --- | --- |\n| First Company | gaYJG2nbME9b52cJHQxJWZP3QPA2RcOZCtOaHINd |\n| Second Company | ZpEJ8WZS89QptBEyL7UUpOfZzoeVSFXbEs016cFn |\n| Third Company | lazfn9XqzEkwH6t3x5KDu9OHjlt8RVetNEaOezgB |\n\nPlease fill one of this api keys in \\`company_api_key\\` key inside environment.\n\n##### Inner Folders\n\n- Orders\n    \n- Transporter\n    \n- Webhook Doc",
			"auth": {
				"type": "bearer",
				"bearer": [
					{
						"key": "token",
						"value": "{{company_api_key}}",
						"type": "string"
					}
				]
			},
			"event": [
				{
					"listen": "prerequest",
					"script": {
						"type": "text/javascript",
						"packages": {},
						"exec": [
							""
						]
					}
				},
				{
					"listen": "test",
					"script": {
						"type": "text/javascript",
						"packages": {},
						"exec": [
							""
						]
					}
				}
			]
		}
	]
}